{"flutter":{"platforms":{"android":{"default":{"projectId":"mediscan-textdigitizer-d37ad","appId":"1:189601133833:android:52e1c06d5435e389e44fd8","fileOutput":"android/app/google-services.json"}},"dart":{"lib/firebase_options.dart":{"projectId":"mediscan-textdigitizer-d37ad","configurations":{"android":"1:189601133833:android:52e1c06d5435e389e44fd8","ios":"1:189601133833:ios:58add4ef6b359a00e44fd8","macos":"1:189601133833:ios:58add4ef6b359a00e44fd8","web":"1:189601133833:web:9e63b099d18b1407e44fd8","windows":"1:189601133833:web:4a9e811a58a88390e44fd8"}}}}}}